{"cameraMode":{"drawMode":0,"name":"Shaded","section":"Shading Mode"},"sceneLighting":false,"audioPlay":false,"sceneViewState":{"showFog":true,"showMaterialUpdate":false,"showSkybox":true,"showFlares":true,"showImageEffects":true,"showParticleSystems":true},"in2DMode":false,"pivot":{"x":1.4399420022964478,"y":1.0145314931869507,"z":-1.0950180292129517},"rotation":{"x":-0.03296273201704025,"y":0.04346231371164322,"z":0.0014348865952342749,"w":0.9985101222991943},"size":7.748932838439941,"orthographic":false}