{"cameraMode":{"drawMode":0,"name":"Shaded","section":"Shading Mode"},"sceneLighting":false,"audioPlay":false,"sceneViewState":{"showFog":true,"showMaterialUpdate":false,"showSkybox":true,"showFlares":true,"showImageEffects":true,"showParticleSystems":true},"in2DMode":false,"pivot":{"x":12.621652603149414,"y":-1.8847424983978272,"z":-0.003536224365234375},"rotation":{"x":0.09383564442396164,"y":-0.2031169980764389,"z":0.01955948770046234,"w":0.9744515419006348},"size":54.323822021484378,"orthographic":true}